T,TM,Tm,SLP,H,VV,V,VM,PM 2.5
26.7,33.3,14.6,1012.1,46,2.9,8,18.3,135.83333333333334
28.4,33,25,1002.4,84,2.4,11.5,22.2,66.08333333333333
28.1,30,23,1005.4,87,2.7,15,24.1,40.375
28.1,30.8,23.6,1006.6,78,3.2,17.6,25.9,35.708333333333336
25.4,32.5,17.4,1013.1,44,2.7,6.7,16.5,202.875
