T,TM,Tm,SLP,H,VV,V,VM,PM 2.5
28.6,32.3,23.6,1012,66,3.2,8.5,24.1,54.708333333333336
28.9,31.5,25,1007,80,3.7,15.4,27.8,15.375
29.9,35.8,21.1,1011,47,3.5,9.1,16.5,257.4166666666667
